{"cameraMode":{"drawMode":0,"name":"Shaded","section":"Shading Mode"},"sceneLighting":false,"audioPlay":false,"sceneViewState":{"showFog":true,"showMaterialUpdate":true,"showSkybox":false,"showFlares":true,"showImageEffects":true,"showParticleSystems":true},"in2DMode":false,"pivot":{"x":-4.4070000648498539,"y":0.4394168257713318,"z":-0.5249999761581421},"rotation":{"x":-0.25908711552619936,"y":-0.7354127764701843,"z":0.49218475818634035,"w":-0.38708099722862246},"size":1.058008074760437,"orthographic":false}