{"cameraMode":{"drawMode":0,"name":"Shaded","section":"Shading Mode"},"sceneLighting":false,"audioPlay":false,"sceneViewState":{"showFog":true,"showMaterialUpdate":true,"showSkybox":false,"showFlares":true,"showImageEffects":true,"showParticleSystems":true},"in2DMode":false,"pivot":{"x":-44.515506744384769,"y":-338.77313232421877,"z":24.659000396728517},"rotation":{"x":-0.281524121761322,"y":0.6542508602142334,"z":-0.2877589166164398,"w":-0.6402694582939148},"size":0.0527166873216629,"orthographic":false}